id,sex,age,agegroup,java,rural,edu,income,group,case1,case2,case3,case4,case5,case6,case7,case8,case9,case10,case11,case12,case13,case14,case15,case16,score,score2,scorephishing,scorevalid,useful,newinfo,pc,laptop,smartphone,tablet,smartwatch,smarttv,smartspeaker,discord,fbmsg,fb,github,ig,twitter,line,linkedin,pinterest,reddit,slack,spotify,telegram,tiktok,wa,yt,ld1,ld2,ld3,ld4,ld5,ld6,ld7,ld8,ld9,ld10,ld11,ld12,literacy,agelit,tiktokuser,fbuser,discorduser
1,male,21,20s,1,1,0,0,control,1,1,-1,1,-1,1,1,1,1,-1,1,1,1,1,1,-1,75,8,6,2,,,0,1,1,0,1,0,0,2,-1,1,-1,2,1,2,0,0,0,0,1,2,-1,2,2,5,5,5,5,5,5,5,5,5,5,4,5,97.92,20.56,no,no,no
2,male,21,20s,1,1,0,1,treatment,1,1,0,1,1,1,1,0,1,-1,1,1,1,1,1,0,84.38,11,7,4,5,1,1,1,1,1,1,1,1,2,0,0,1,0,-1,2,0,1,2,0,0,2,0,2,2,5,5,5,5,4,4,2,5,5,5,5,3,85.42,17.94,no,no,no
3,male,21,20s,1,1,0,0,control,1,1,-1,1,1,-1,1,1,1,-1,-1,1,1,1,1,-1,68.75,6,2,4,,,1,1,1,0,0,0,0,2,-1,1,1,2,2,2,1,0,0,2,1,1,0,2,2,4,4,4,4,4,4,3,3,5,4,2,1,62.5,13.13,no,no,no
4,male,21,20s,1,1,0,1,treatment,-1,1,-1,-1,1,1,1,1,1,1,0,0,1,1,1,1,75,8,2,6,5,5,1,1,1,0,0,0,0,2,0,-1,1,0,0,2,0,0,0,0,0,0,0,2,2,4,4,4,4,4,5,4,4,4,4,4,4,77.08,16.19,no,no,no
5,male,21,20s,0,1,0,1,treatment,-1,1,-1,0,1,0,1,0,1,-1,1,1,0,1,1,-1,62.5,4,2,2,5,4,0,1,1,0,0,1,0,1,1,1,-1,2,2,2,0,0,-1,0,1,1,0,2,2,4,4,5,4,4,3,4,3,4,3,4,4,70.83,14.88,no,no,no
6,male,21,20s,1,0,0,1,control,-1,1,1,-1,1,-1,1,1,1,1,1,1,1,1,1,-1,75,8,0,8,,,1,1,1,0,0,0,0,2,-1,-1,1,2,2,2,1,1,0,0,2,1,2,2,2,5,5,4,4,5,5,5,4,5,4,5,3,87.5,18.38,yes,no,no
7,male,21,20s,1,0,0,1,control,0,1,-1,1,1,-1,1,1,1,-1,1,1,1,1,1,0,75,8,4,4,,,1,1,1,0,0,0,0,2,1,1,1,2,2,2,1,0,1,-1,2,1,2,2,2,5,5,5,5,5,4,4,5,5,5,5,5,95.83,20.13,yes,no,no
8,male,21,20s,1,1,0,1,control,-1,1,-1,1,1,1,-1,-1,0,-1,1,1,-1,1,1,-1,53.13,1,1,0,,,0,0,1,0,0,0,0,0,1,2,0,1,0,0,0,0,0,0,0,0,0,2,2,5,5,5,5,5,5,5,5,5,5,5,5,100,21,no,no,no
9,male,20,20s,1,1,0,1,treatment,-1,1,1,0,-1,1,1,-1,1,-1,1,1,1,1,1,1,71.88,7,5,2,5,5,0,1,1,0,0,0,0,0,2,2,-1,2,1,2,-1,-1,-1,-1,2,2,2,2,2,5,5,4,5,4,5,4,4,5,3,4,5,85.42,17.08,yes,no,no
10,male,21,20s,1,0,0,0,treatment,0,1,1,0,1,1,1,1,1,1,1,1,1,1,1,1,93.75,14,6,8,5,3,0,1,1,0,0,1,0,2,1,2,-1,2,-1,2,1,1,2,-1,0,-1,0,2,2,5,5,4,5,4,3,4,5,5,4,4,5,85.42,17.94,no,no,no
11,male,21,20s,0,1,0,0,control,1,1,1,-1,1,-1,1,-1,1,-1,1,1,1,1,-1,1,68.75,6,4,2,,,0,1,1,0,0,0,0,1,0,1,0,2,1,2,-1,1,0,1,2,2,2,2,2,5,4,4,4,5,5,4,5,5,4,4,4,85.42,17.94,yes,no,no
12,female,19,teens,1,1,0,0,treatment,1,1,0,-1,-1,-1,1,0,-1,-1,1,1,1,-1,1,1,56.25,2,2,0,3,4,0,1,0,0,0,0,0,0,2,2,0,2,2,1,1,0,0,0,0,2,2,2,2,5,5,5,5,3,3,4,4,1,2,2,3,62.5,11.88,yes,no,no
13,male,20,20s,1,1,0,1,control,1,1,1,0,1,-1,1,1,1,-1,1,-1,1,1,1,-1,71.88,7,1,6,,,0,1,1,0,0,0,0,-1,-1,1,0,2,2,2,0,0,0,0,1,1,2,2,2,4,4,4,4,5,4,3,3,4,3,3,3,66.67,13.33,yes,no,no
14,male,21,20s,1,1,0,0,control,-1,1,-1,0,-1,-1,1,0,-1,1,-1,-1,1,1,1,-1,43.75,-2,-5,3,,,0,0,1,0,0,0,0,0,1,1,0,2,0,0,0,0,0,0,-1,-1,0,2,2,4,5,4,4,5,3,3,3,3,4,3,3,66.67,14,no,no,no
15,male,21,20s,1,1,0,0,control,-1,-1,1,1,1,-1,-1,1,1,-1,1,1,1,1,-1,1,62.5,4,2,2,,,0,0,1,0,0,0,0,0,2,2,0,2,0,0,0,0,0,0,0,0,0,2,2,3,4,3,3,3,4,4,4,3,3,3,3,58.33,12.25,no,no,no
16,female,23,20s,1,1,1,0,control,1,1,0,-1,1,0,1,1,1,1,1,1,1,-1,-1,-1,68.75,6,3,3,,,0,1,1,0,0,0,0,0,1,1,0,1,-1,-1,0,0,0,0,-1,0,0,2,1,3,4,4,2,4,4,3,3,4,1,2,2,50,11.5,no,no,no
17,female,21,20s,1,1,0,0,control,1,-1,1,-1,1,-1,1,-1,-1,-1,1,-1,1,-1,1,1,50,0,0,0,,,0,0,1,0,0,0,0,0,1,1,1,1,0,0,0,0,0,0,0,0,0,2,1,4,4,5,3,4,5,3,4,3,3,3,3,66.67,14,no,no,no
18,male,22,20s,1,1,0,1,treatment,-1,-1,1,1,0,0,0,1,1,1,0,-1,1,1,0,0,62.5,4,0,4,3,5,0,0,1,0,0,0,0,0,1,2,0,2,2,0,0,0,0,0,1,1,1,2,2,4,4,4,3,3,3,2,3,3,3,3,3,54.17,11.92,yes,no,no
19,male,21,20s,0,0,0,0,control,1,1,-1,1,-1,1,1,1,1,-1,1,1,1,1,-1,-1,68.75,6,6,0,,,0,1,1,0,0,0,0,1,-1,1,1,2,-1,2,0,0,0,2,1,1,0,2,2,3,4,4,3,4,3,5,3,4,3,3,4,64.58,13.56,no,no,no
20,male,21,20s,1,1,0,1,control,-1,1,1,-1,1,0,1,1,1,0,0,-1,1,1,1,-1,65.63,5,-2,7,,,1,1,1,0,1,0,0,1,1,1,0,2,1,0,0,0,0,0,0,1,0,2,2,5,5,5,5,5,5,5,5,5,4,5,5,97.92,20.56,no,no,no
21,female,21,20s,1,1,0,0,control,-1,1,-1,-1,1,1,1,1,1,-1,-1,-1,1,1,1,0,59.38,3,-1,4,,,0,1,1,0,0,0,0,-1,2,2,-1,2,-1,-1,-1,-1,-1,-1,-1,0,1,2,1,4,4,5,5,5,5,3,4,5,4,4,3,81.25,17.06,yes,no,no
22,female,24,20s,1,0,1,1,treatment,-1,-1,-1,0,1,1,-1,0,1,1,-1,-1,1,1,0,-1,46.88,-1,-3,2,5,5,0,1,1,0,0,1,0,0,0,0,0,2,0,0,1,2,0,0,0,1,0,2,2,4,5,4,3,4,4,3,3,4,3,3,3,64.58,15.5,no,no,no
23,female,21,20s,1,1,0,0,treatment,1,1,-1,-1,1,1,1,1,1,1,-1,-1,1,1,-1,1,68.75,6,2,4,5,5,0,0,1,0,0,0,0,1,2,1,1,2,0,0,0,0,0,0,0,0,0,2,2,3,5,4,2,2,3,3,2,5,3,3,4,56.25,11.81,no,no,no
24,male,21,20s,1,1,0,1,treatment,-1,1,-1,-1,1,-1,1,1,1,1,-1,1,1,1,1,0,65.63,5,-1,6,4,3,0,0,1,0,0,0,0,0,1,1,0,2,1,1,0,0,0,0,1,1,0,2,2,4,4,3,3,3,3,3,3,3,3,3,3,54.17,11.38,no,no,no
25,male,20,20s,1,0,0,0,control,0,1,1,0,1,0,1,1,1,0,0,0,1,1,1,0,78.13,9,2,7,,,0,1,1,0,0,0,0,1,0,1,0,2,1,-1,1,0,0,0,-1,-1,0,2,2,4,5,4,4,5,3,3,4,4,4,4,4,75,15,no,no,no
26,male,23,20s,1,0,0,0,control,0,1,1,0,0,-1,1,0,1,0,0,0,1,1,0,0,65.63,5,1,4,,,0,1,1,0,0,0,0,1,0,0,0,2,0,0,1,0,0,0,0,1,0,2,2,4,3,4,3,4,4,2,4,5,4,3,4,66.67,15.33,no,no,no
27,male,21,20s,1,1,0,0,control,-1,1,-1,1,-1,1,1,-1,1,-1,1,1,-1,1,-1,1,56.25,2,6,-4,,,0,1,1,0,1,0,0,0,2,2,0,2,2,2,0,0,0,0,1,1,-1,2,2,5,5,5,4,5,5,5,5,5,5,3,5,93.75,19.69,no,no,no
28,female,21,20s,1,1,1,1,treatment,1,1,0,0,0,1,-1,1,1,1,1,-1,1,1,1,-1,71.88,7,1,6,4,2,0,1,1,0,0,0,0,0,1,1,2,1,0,0,0,0,0,0,1,0,1,2,2,3,4,3,4,4,4,4,4,4,4,4,4,70.83,14.88,yes,no,no
29,female,25,20s,1,1,1,1,control,-1,1,1,-1,1,1,1,1,1,1,1,1,1,1,1,-1,81.25,10,2,8,,,0,0,1,0,0,0,0,0,1,2,0,2,0,0,-1,-1,-1,-1,-1,-1,-1,1,1,5,5,5,4,3,3,2,2,4,2,3,4,62.5,15.63,no,no,no
30,female,21,20s,1,1,0,1,control,-1,1,1,-1,1,-1,1,-1,1,-1,1,1,1,-1,1,1,62.5,4,2,2,,,0,1,0,0,0,0,0,0,1,2,0,2,0,0,0,0,0,0,0,1,0,1,2,5,5,5,5,4,4,4,4,4,4,4,4,83.33,17.5,no,no,no
31,female,22,20s,1,1,1,1,control,1,-1,1,-1,-1,-1,-1,-1,-1,1,-1,-1,-1,-1,1,-1,25,-8,-6,-2,,,0,0,1,0,0,0,0,0,2,2,0,2,2,1,0,1,0,0,0,0,0,2,2,5,5,5,5,5,5,5,5,5,5,5,5,100,22,no,no,no
32,female,20,20s,1,1,0,0,treatment,1,-1,-1,-1,-1,1,1,1,-1,1,-1,-1,-1,-1,-1,-1,31.25,-6,-2,-4,5,5,0,0,1,0,0,0,0,0,0,1,0,1,1,0,1,0,0,0,0,0,0,2,0,5,5,5,5,5,5,2,5,5,3,4,4,85.42,17.08,no,no,no
33,female,20,20s,1,1,1,0,control,-1,-1,0,-1,1,0,-1,1,0,0,-1,1,1,1,1,-1,50,0,-4,4,,,0,1,1,0,0,0,0,1,0,1,0,2,0,0,0,0,0,0,0,0,1,2,1,5,5,5,5,5,5,1,5,5,5,5,5,91.67,18.33,yes,no,no
34,female,21,20s,1,1,1,0,treatment,1,1,1,1,-1,1,1,-1,-1,1,-1,-1,1,1,1,-1,62.5,4,0,4,4,4,0,0,1,0,0,0,0,0,0,1,0,2,-1,-1,0,0,0,0,0,-1,-1,2,1,4,5,5,5,5,3,4,4,4,4,3,4,79.17,16.63,no,no,no
35,female,21,20s,1,1,1,0,control,1,-1,-1,1,-1,1,1,-1,1,-1,1,1,1,1,1,-1,62.5,4,6,-2,,,0,1,1,0,0,0,0,0,1,1,0,2,0,0,0,0,0,0,0,1,1,2,1,5,5,5,5,3,4,3,3,5,3,4,4,77.08,16.19,yes,no,no
36,female,19,teens,1,1,0,0,control,-1,1,1,0,-1,1,1,0,0,0,0,0,0,0,0,0,56.25,2,1,1,,,0,0,1,0,0,0,0,0,1,1,0,2,1,2,0,1,0,0,0,1,1,2,2,3,4,3,2,2,3,5,4,4,2,5,4,60.42,11.48,yes,no,no
37,female,18,teens,1,0,0,0,treatment,0,1,-1,1,0,0,1,-1,1,0,-1,0,1,0,1,0,59.38,3,2,1,5,5,0,1,1,0,0,0,0,0,-1,-1,0,2,1,0,0,0,0,0,0,2,2,2,1,5,4,3,2,5,5,4,2,5,3,3,4,68.75,12.38,yes,no,no
38,male,20,20s,1,1,0,0,treatment,1,1,0,0,1,1,1,1,1,1,-1,1,1,1,1,-1,81.25,10,3,7,5,5,0,1,1,0,0,0,0,0,1,2,0,1,0,0,0,1,0,0,1,1,0,2,2,4,5,4,5,5,5,1,5,5,4,1,5,77.08,15.42,no,no,no
39,female,20,20s,1,1,1,0,treatment,1,1,1,0,1,-1,1,1,1,1,-1,-1,-1,1,-1,1,65.63,5,1,4,5,5,0,0,1,0,0,0,0,0,1,1,0,2,0,0,0,0,0,0,0,0,0,2,2,4,5,4,5,5,4,4,4,5,4,4,5,85.42,17.08,no,no,no
40,female,22,20s,1,1,1,1,control,-1,-1,1,1,1,1,1,1,1,1,-1,-1,1,1,1,-1,68.75,6,0,6,,,0,0,1,0,0,0,0,0,0,0,0,2,0,1,0,0,0,0,0,1,0,2,2,4,4,4,4,3,4,3,3,2,2,2,3,54.17,11.92,no,no,no
41,female,20,20s,1,0,0,0,treatment,1,-1,1,0,1,1,1,0,1,1,-1,-1,-1,0,0,-1,56.25,2,1,1,5,5,0,1,0,1,0,0,0,0,1,1,0,2,2,-1,0,0,0,0,1,0,-1,2,2,4,4,5,3,4,2,3,3,5,3,3,3,62.5,12.5,no,no,no
42,female,20,20s,1,1,1,0,control,0,0,-1,0,1,1,0,1,0,0,0,-1,0,0,0,0,53.13,1,0,1,,,0,1,1,1,0,0,0,0,0,0,0,2,0,0,0,0,0,0,0,0,2,2,2,4,5,5,5,5,5,3,4,5,5,3,5,87.5,17.5,yes,no,no
43,female,21,20s,1,1,0,0,control,-1,1,-1,1,-1,1,1,1,1,0,0,1,0,1,0,1,68.75,6,5,1,,,0,1,1,0,0,0,0,-1,0,1,-1,2,1,1,-1,0,-1,-1,1,1,1,2,1,4,4,4,3,5,5,3,2,5,4,3,4,70.83,14.88,yes,no,no
44,female,19,teens,0,1,0,0,control,0,-1,1,0,1,1,-1,-1,1,0,-1,1,1,-1,1,1,59.38,3,2,1,,,0,0,1,0,0,0,0,0,1,1,0,1,0,0,0,0,0,0,0,0,1,2,1,1,5,5,5,5,4,5,3,4,2,4,4,72.92,13.85,yes,no,no
45,female,17,teens,1,1,0,0,control,-1,1,1,0,1,-1,0,0,0,0,0,0,1,0,0,0,56.25,2,-2,4,,,0,0,1,0,0,0,0,0,0,1,0,2,1,-1,0,0,0,0,0,1,0,2,2,4,3,3,2,2,1,1,1,2,2,1,4,29.17,4.96,no,no,no
46,female,21,20s,1,1,1,0,treatment,-1,1,-1,1,1,1,-1,0,-1,-1,1,-1,-1,1,1,-1,46.88,-1,-2,1,5,5,0,0,1,0,0,0,0,1,2,2,0,1,1,0,2,0,2,0,2,0,2,2,0,3,2,5,3,2,3,3,3,5,3,1,1,45.83,9.63,yes,no,no
47,female,13,teens,0,0,0,0,treatment,0,1,1,0,0,0,0,0,0,0,0,0,0,0,0,0,56.25,2,0,2,5,5,0,0,1,0,0,0,0,0,0,0,0,2,1,0,0,1,0,0,0,1,2,2,2,5,5,5,5,5,5,5,5,5,5,5,5,100,13,yes,no,no
48,female,16,teens,0,1,0,0,control,1,-1,1,-1,1,1,-1,-1,-1,1,1,-1,1,0,-1,1,53.13,1,0,1,,,0,0,1,0,0,0,0,0,0,0,0,1,0,0,0,1,0,0,0,1,0,2,1,3,2,2,1,1,5,2,1,3,1,1,1,22.92,3.67,no,no,no
49,female,21,20s,1,1,1,1,control,-1,1,-1,1,-1,1,1,-1,1,1,-1,-1,1,-1,1,1,56.25,2,2,0,,,0,1,1,0,0,0,0,-1,1,1,-1,2,-1,-1,-1,-1,-1,-1,-1,-1,1,2,1,4,5,5,4,5,5,5,4,4,4,4,4,85.42,17.94,yes,no,no
50,female,22,20s,1,1,1,1,control,1,-1,1,-1,-1,-1,-1,-1,-1,1,-1,-1,-1,-1,1,-1,25,-8,-6,-2,,,0,0,1,0,0,0,0,0,2,2,0,2,2,1,0,1,0,0,0,0,0,2,2,5,5,5,5,5,5,5,5,5,5,5,5,100,22,no,no,no
51,female,16,teens,0,1,0,0,control,-1,1,1,-1,1,1,1,1,1,-1,1,1,1,1,1,-1,75,8,2,6,,,0,0,1,0,0,0,0,0,0,0,0,1,0,0,0,0,0,0,0,0,0,1,1,5,5,5,3,5,4,4,3,5,3,3,2,72.92,11.67,no,yes,no
52,female,16,teens,0,0,0,0,treatment,-1,1,-1,1,-1,1,1,1,1,1,1,-1,1,1,1,-1,68.75,6,2,4,5,5,0,1,1,0,0,0,0,0,0,0,0,1,0,0,0,0,0,0,0,0,0,2,1,3,3,3,2,4,3,2,3,3,3,2,2,43.75,7,no,yes,no
53,female,20,20s,1,1,0,1,control,1,1,-1,-1,1,1,1,1,1,-1,-1,1,-1,-1,1,1,62.5,4,4,0,,,0,1,1,0,0,1,0,0,-1,1,-1,1,0,0,0,0,0,0,0,1,1,2,1,5,5,5,4,4,5,4,4,5,4,5,4,87.5,17.5,yes,yes,no
54,female,21,20s,1,1,1,0,treatment,1,0,0,1,1,-1,1,1,1,-1,-1,-1,1,1,1,1,68.75,6,2,4,5,5,0,0,1,0,0,0,0,0,1,1,0,1,0,0,0,0,0,0,0,0,2,2,1,3,3,3,2,2,4,2,3,4,3,3,2,45.83,9.63,yes,yes,no
55,female,20,20s,0,1,0,0,control,1,-1,1,-1,-1,1,-1,1,0,0,0,-1,1,1,1,-1,53.13,1,-2,3,,,0,0,1,0,0,0,0,0,0,1,0,2,0,0,0,0,0,0,0,0,0,2,1,5,5,5,4,4,5,1,1,5,2,2,2,60.42,12.08,no,yes,no
56,female,21,20s,1,0,1,0,control,-1,1,-1,1,0,0,1,-1,1,1,1,1,1,1,-1,-1,62.5,4,3,1,,,0,0,1,0,0,0,0,0,2,2,0,2,0,0,0,0,0,0,2,1,1,2,2,5,5,5,5,5,1,1,5,5,5,2,5,77.08,16.19,yes,yes,no
57,male,19,teens,1,1,0,0,control,-1,1,1,-1,-1,1,1,-1,0,0,0,0,-1,-1,-1,1,43.75,-2,1,-3,,,0,0,1,0,0,0,0,-1,2,2,-1,1,1,-1,-1,2,-1,-1,2,-1,-1,2,2,5,4,5,5,5,3,4,4,5,4,4,4,83.33,15.83,no,yes,no
58,female,16,teens,0,1,0,0,control,-1,1,-1,0,1,1,1,0,1,-1,1,1,-1,1,-1,1,62.5,4,5,-1,,,0,0,0,1,0,0,0,0,0,-1,0,1,0,0,0,0,0,0,0,1,0,2,1,3,4,4,3,3,4,1,2,2,3,1,1,39.58,6.33,no,yes,no
59,female,19,teens,1,1,0,0,treatment,1,-1,-1,1,1,-1,-1,1,1,1,-1,-1,0,0,0,1,53.13,1,0,1,5,5,0,1,1,0,0,0,0,0,0,1,0,2,1,0,0,0,0,0,0,1,2,2,2,5,5,5,5,5,4,4,5,5,4,4,4,89.58,17.02,yes,yes,no
60,female,19,teens,1,1,0,0,control,-1,-1,1,1,-1,-1,1,-1,1,1,1,1,1,-1,-1,1,56.25,2,4,-2,,,0,0,1,0,0,0,0,0,0,2,0,2,2,0,0,0,0,0,0,2,2,2,2,3,5,5,5,5,5,5,5,4,3,4,5,87.5,16.63,yes,yes,no
61,female,16,teens,1,1,0,0,control,1,-1,1,-1,-1,-1,1,1,1,1,-1,-1,1,1,1,-1,56.25,2,-2,4,,,0,0,1,0,0,1,0,0,0,1,0,2,1,0,0,0,0,0,0,1,0,2,1,5,5,5,5,5,5,5,5,5,5,5,5,100,16,no,yes,no
62,male,19,teens,1,0,0,0,control,0,-1,1,0,-1,-1,-1,1,-1,1,0,0,0,1,0,0,46.88,-1,-3,2,,,0,0,1,0,0,0,0,0,1,1,0,2,1,0,1,0,0,0,0,1,0,2,2,2,2,3,3,3,1,2,2,2,1,2,2,27.08,5.15,no,yes,no
63,female,21,20s,1,1,0,0,control,-1,1,-1,0,-1,0,1,0,1,-1,0,0,0,1,0,0,50,0,1,-1,,,0,1,1,0,0,0,0,0,1,1,0,1,0,0,0,0,0,0,0,1,2,2,1,4,3,2,4,3,4,3,2,3,1,2,4,47.92,10.06,yes,yes,no
64,female,19,teens,1,1,0,0,control,0,0,0,0,0,0,0,0,1,0,-1,0,0,0,1,0,53.13,1,0,1,,,0,0,1,0,0,0,0,0,0,0,0,1,0,0,0,0,0,0,0,0,0,2,1,4,4,5,5,5,5,4,3,3,4,2,3,72.92,13.85,no,yes,no
65,female,20,20s,1,1,0,0,treatment,1,1,0,0,1,-1,1,0,1,1,-1,1,-1,1,1,1,71.88,7,3,4,1,5,0,0,1,0,0,0,0,-1,-1,-1,-1,1,-1,-1,-1,-1,-1,-1,-1,-1,-1,-1,-1,2,4,3,3,3,3,2,2,2,1,2,2,35.42,7.08,no,yes,no
66,female,20,20s,1,1,1,0,control,1,1,0,-1,0,0,1,0,0,0,0,0,0,0,1,0,59.38,3,1,2,,,0,0,1,0,0,0,0,0,0,0,0,1,0,0,0,0,0,0,0,1,0,2,2,3,3,2,2,4,3,2,2,2,2,2,2,35.42,7.08,no,yes,no
67,male,20,20s,1,1,0,0,treatment,-1,1,1,0,1,-1,1,0,1,-1,1,0,0,1,-1,0,59.38,3,1,2,5,3,0,1,1,0,0,0,0,0,0,2,0,1,0,1,0,0,0,0,0,2,0,2,2,3,3,2,2,3,3,3,2,2,2,2,2,35.42,7.08,no,yes,no
68,female,17,teens,0,1,0,0,treatment,1,1,-1,1,1,1,-1,1,-1,1,-1,-1,-1,1,1,-1,56.25,2,-2,4,5,5,0,0,1,0,0,0,0,0,2,1,0,2,2,0,0,0,0,0,0,2,2,2,2,4,4,4,5,5,5,5,4,5,4,3,3,81.25,13.81,yes,yes,no
69,female,21,20s,1,1,1,1,treatment,1,-1,1,-1,1,-1,1,-1,-1,1,1,1,0,-1,-1,1,53.13,1,2,-1,4,4,0,0,1,0,0,0,0,0,1,1,0,1,0,1,1,1,1,1,1,1,0,2,1,4,4,4,3,3,4,3,3,4,4,3,3,62.5,13.13,no,yes,no
70,female,22,20s,1,1,1,0,control,1,-1,1,-1,-1,-1,-1,1,1,1,-1,1,0,1,0,-1,50,0,-2,2,,,0,1,1,0,0,0,0,0,0,1,0,1,0,0,0,0,0,0,0,0,0,2,1,3,2,2,2,3,3,2,2,5,2,3,3,41.67,9.17,no,yes,no
71,female,15,teens,0,0,0,0,control,-1,1,1,-1,-1,1,1,-1,1,-1,1,1,-1,1,-1,-1,50,0,2,-2,,,0,1,1,0,0,0,0,0,-1,1,0,2,1,-1,0,1,0,0,-1,2,2,2,2,3,4,4,3,4,5,3,3,3,3,2,3,58.33,8.75,yes,yes,no
72,female,20,20s,1,1,1,0,control,1,1,1,1,1,1,1,-1,1,-1,1,1,-1,1,-1,1,75,8,8,0,,,0,1,0,0,0,0,0,0,0,1,0,2,0,0,0,0,0,0,0,1,1,2,1,3,5,4,4,3,3,4,2,5,3,2,2,58.33,11.67,yes,yes,no
73,female,23,20s,1,0,1,1,control,-1,1,-1,-1,1,1,1,1,1,-1,-1,1,1,1,1,-1,62.5,4,0,4,,,0,1,1,0,0,0,0,0,1,1,0,2,2,1,1,0,0,0,2,2,2,2,2,5,4,4,3,4,5,4,3,4,3,4,4,72.92,16.77,yes,yes,no
74,female,19,teens,1,0,0,0,treatment,-1,1,-1,-1,1,-1,1,1,1,1,-1,-1,1,1,1,-1,56.25,2,-4,6,5,5,0,1,0,0,0,0,0,0,0,0,0,2,2,1,0,1,0,0,1,0,0,2,2,3,3,3,3,3,2,4,3,3,3,2,2,45.83,8.71,no,yes,no
75,male,13,teens,1,1,0,0,treatment,1,0,1,-1,1,0,-1,1,-1,0,1,1,1,0,0,0,62.5,4,0,4,5,4,0,0,1,0,0,0,0,0,0,0,0,0,0,0,0,0,0,0,0,0,0,2,0,1,2,1,2,3,3,1,2,2,3,2,2,25,3.25,no,yes,no
76,female,21,20s,1,1,1,1,treatment,-1,-1,-1,1,1,1,-1,-1,1,-1,1,-1,-1,1,-1,1,43.75,-2,2,-4,5,5,0,1,1,0,0,0,0,0,2,2,0,2,0,0,0,0,0,0,0,0,0,2,2,5,5,5,4,5,5,4,4,4,4,3,3,81.25,17.06,no,yes,no
77,female,22,20s,1,1,1,1,control,1,-1,1,-1,-1,0,-1,-1,1,1,-1,1,-1,1,1,-1,46.88,-1,-1,0,,,0,1,0,0,0,0,0,-1,1,1,-1,2,-1,-1,-1,-1,-1,-1,-1,1,1,2,2,5,5,5,5,5,5,5,3,5,4,3,5,89.58,19.71,yes,yes,no
78,female,23,20s,1,1,1,0,control,1,1,0,-1,1,0,1,1,1,1,1,1,1,-1,-1,-1,68.75,6,3,3,,,0,1,1,0,0,0,0,0,1,1,0,1,-1,-1,0,0,0,0,-1,0,0,2,1,3,4,4,2,4,4,3,3,4,1,2,2,50,11.5,no,yes,no
79,female,20,20s,1,1,0,0,control,1,1,-1,-1,-1,-1,1,1,1,1,-1,-1,1,1,1,-1,56.25,2,-2,4,,,0,0,1,0,0,0,0,0,1,1,0,1,0,0,0,0,0,0,0,1,0,2,1,2,3,2,2,2,3,3,2,3,2,2,3,35.42,7.08,no,yes,no
80,female,21,20s,1,1,1,0,control,-1,1,1,1,-1,1,1,1,1,-1,1,1,-1,1,-1,1,68.75,6,6,0,,,0,1,0,0,0,0,0,0,1,2,0,2,2,1,1,1,0,0,2,2,0,2,2,4,4,4,3,3,2,3,3,3,3,4,4,58.33,12.25,no,yes,no
81,female,21,20s,1,1,1,0,treatment,1,1,-1,1,1,1,1,-1,1,1,1,1,-1,1,1,1,81.25,10,8,2,5,5,0,1,1,0,0,0,0,0,0,-1,0,2,-1,-1,0,0,0,0,0,0,0,2,1,2,3,3,3,3,4,2,3,3,2,1,2,39.58,8.31,no,yes,no
82,female,18,teens,0,1,0,0,control,-1,1,1,-1,1,1,1,1,1,1,-1,-1,1,1,1,-1,68.75,6,-2,8,,,0,1,1,0,0,0,0,-1,-1,-1,-1,2,1,-1,-1,-1,-1,-1,1,1,-1,2,1,4,4,5,3,3,3,3,3,4,3,3,3,60.42,10.88,no,yes,no
83,female,17,teens,0,1,0,1,treatment,-1,1,1,-1,-1,1,1,0,1,-1,1,0,1,1,1,-1,62.5,4,1,3,5,5,0,1,1,1,0,0,0,2,0,0,0,2,0,0,0,0,0,0,0,2,2,2,2,4,5,4,4,5,5,3,4,5,3,3,5,79.17,13.46,yes,yes,no
84,female,21,20s,1,1,0,0,treatment,-1,1,-1,1,-1,1,1,-1,1,-1,1,-1,1,1,-1,-1,50,0,2,-2,5,5,0,0,1,0,0,0,0,0,2,1,0,2,1,0,0,0,0,0,1,0,0,2,1,5,4,3,3,4,5,5,4,4,4,4,3,75,15.75,no,yes,no
85,male,23,20s,1,1,0,1,treatment,-1,-1,-1,1,-1,1,1,1,-1,1,0,0,0,0,0,1,53.13,1,2,-1,4,5,0,0,1,0,0,0,0,0,1,2,0,2,1,0,0,0,0,0,0,0,0,2,1,4,3,3,4,4,4,4,3,4,4,3,4,66.67,15.33,no,yes,no
86,male,17,teens,0,0,0,0,control,1,1,1,0,1,1,1,0,1,-1,1,0,0,0,-1,0,68.75,6,5,1,,,0,0,1,0,0,0,0,0,2,2,0,2,2,2,0,0,0,0,0,2,2,2,2,5,3,3,3,3,3,3,3,4,3,5,5,64.58,10.98,yes,yes,no
87,female,21,20s,1,1,0,0,treatment,-1,1,0,0,1,1,0,0,1,1,0,-1,0,1,0,-1,59.38,3,-1,4,5,5,0,1,1,0,0,0,0,0,1,1,0,1,1,1,0,0,0,0,1,1,0,2,2,3,4,5,3,4,5,3,4,5,5,2,3,70.83,14.88,no,yes,no
88,female,21,20s,1,1,1,0,control,-1,1,1,-1,-1,1,1,-1,1,-1,-1,1,1,1,1,1,62.5,4,2,2,,,0,0,1,0,0,0,0,0,2,2,0,1,0,0,0,0,0,0,0,0,0,2,1,2,2,1,1,1,2,2,1,2,2,2,2,16.67,3.5,no,yes,no
89,male,19,teens,0,1,0,0,treatment,-1,1,1,1,1,-1,-1,-1,1,-1,1,1,1,1,1,-1,62.5,4,0,4,5,5,0,1,1,0,0,0,0,0,0,0,0,2,2,0,0,0,0,0,1,0,0,2,1,5,5,5,5,5,5,5,5,5,5,5,5,100,19,no,yes,no
90,male,17,teens,0,1,0,0,treatment,1,1,1,1,1,1,1,1,1,-1,1,1,1,1,-1,1,87.5,12,8,4,5,5,0,0,1,0,0,0,0,1,0,1,0,2,-1,0,0,0,0,0,1,1,0,2,2,4,4,4,4,4,3,2,3,5,4,5,5,72.92,12.4,no,yes,no
91,male,17,teens,0,1,0,0,treatment,-1,1,-1,1,1,1,1,1,1,-1,1,1,0,-1,1,1,71.88,7,6,1,5,4,0,1,1,0,0,0,0,0,0,0,0,0,0,0,0,0,0,0,0,0,0,2,2,3,3,4,5,5,2,3,3,3,3,5,5,66.67,11.33,no,yes,no
92,female,20,20s,1,1,0,1,control,-1,1,-1,1,-1,1,1,-1,1,-1,1,1,-1,1,-1,1,56.25,2,6,-4,,,0,1,1,0,0,0,0,0,1,1,0,2,0,0,0,2,0,0,1,1,0,2,2,5,4,5,3,5,5,5,5,5,3,4,4,85.42,17.08,no,yes,no
93,female,18,teens,0,1,0,0,treatment,-1,1,1,0,1,1,1,1,1,1,0,0,1,1,1,0,81.25,10,2,8,5,5,0,1,1,0,0,0,0,-1,0,1,-1,2,2,-1,-1,1,0,-1,2,1,0,2,2,4,5,4,4,4,5,4,4,5,4,3,3,77.08,13.88,no,yes,no
94,male,21,20s,1,1,0,0,control,-1,1,-1,0,1,1,0,0,1,0,1,0,1,0,0,0,62.5,4,2,2,,,0,0,1,0,0,0,0,0,1,1,0,1,0,0,0,0,0,0,0,0,0,2,1,4,3,3,3,3,3,3,3,3,3,3,3,52.08,10.94,no,yes,no
95,male,23,20s,1,1,0,0,control,1,1,1,-1,1,1,1,1,1,1,1,1,1,1,1,1,93.75,14,6,8,,,0,1,1,0,0,0,0,1,1,2,1,1,0,-1,1,0,0,0,0,1,0,2,2,5,5,5,5,5,5,5,5,5,5,5,4,97.92,22.52,no,yes,no
96,female,22,20s,1,1,0,0,treatment,0,-1,-1,-1,1,1,1,1,1,1,-1,-1,1,1,1,-1,59.38,3,-1,4,5,4,0,0,1,0,0,0,0,0,0,0,0,2,0,1,0,1,0,0,0,1,0,2,1,3,3,3,4,3,2,2,2,4,2,1,3,41.67,9.17,no,yes,no
97,female,20,20s,1,0,0,0,treatment,-1,1,-1,1,1,1,-1,-1,1,1,1,1,1,1,-1,1,68.75,6,4,2,5,5,0,0,1,0,0,0,0,0,0,1,0,1,0,0,0,0,0,0,0,0,0,1,1,4,5,5,2,5,5,2,5,5,5,3,5,81.25,16.25,no,yes,no
98,female,20,20s,1,0,0,0,treatment,-1,1,-1,1,1,1,-1,-1,1,1,1,1,1,1,-1,1,68.75,6,4,2,5,5,0,0,1,0,0,0,0,0,0,1,0,1,0,0,0,0,0,0,0,0,0,1,1,4,5,5,2,5,5,2,5,5,5,3,5,81.25,16.25,no,yes,no
99,male,17,teens,0,0,0,0,control,1,-1,0,0,-1,-1,-1,0,-1,1,-1,1,0,0,0,1,43.75,-2,-1,-1,,,0,0,1,0,0,0,0,1,0,1,0,2,0,2,0,0,0,0,0,2,0,2,1,4,3,3,3,3,4,4,3,3,2,2,2,50,8.5,no,yes,no
100,female,21,20s,0,0,0,1,treatment,-1,-1,-1,-1,-1,1,-1,1,-1,1,1,-1,-1,-1,-1,1,31.25,-6,-2,-4,3,3,0,0,1,0,0,0,0,0,1,1,0,1,1,1,0,0,0,0,0,0,0,2,1,2,3,2,3,3,4,3,3,3,3,3,3,47.92,10.06,no,yes,no
101,female,21,20s,1,1,0,0,treatment,-1,1,-1,0,1,0,1,0,1,0,-1,0,-1,-1,0,-1,43.75,-2,-1,-1,5,5,0,0,1,0,0,0,0,0,0,1,0,1,0,0,0,0,0,0,0,0,0,2,1,5,5,5,4,5,3,3,4,5,4,4,4,81.25,17.06,no,yes,no
102,female,17,teens,0,1,0,0,treatment,0,1,1,1,1,1,-1,0,1,-1,1,1,1,1,1,1,81.25,10,5,5,5,5,0,1,0,0,0,0,0,0,1,1,0,2,-1,0,0,1,0,0,0,1,0,2,2,3,4,4,5,5,3,3,5,5,4,2,4,72.92,12.4,no,yes,no
103,female,21,20s,1,1,0,0,control,1,-1,1,-1,1,1,1,1,1,0,1,1,1,1,1,1,84.38,11,6,5,,,0,0,1,0,0,0,0,-1,-1,1,-1,2,2,-1,-1,-1,-1,-1,0,-1,0,2,1,3,4,4,4,4,4,4,3,4,3,4,3,66.67,14,no,yes,no
104,female,21,20s,1,1,1,0,treatment,-1,1,-1,0,1,1,1,1,1,-1,1,1,1,1,1,-1,71.88,7,3,4,5,3,0,1,1,0,0,0,0,0,1,2,0,1,-1,1,0,0,0,0,1,0,0,2,2,3,4,3,1,3,3,2,3,3,3,3,3,45.83,9.63,no,yes,no
105,female,23,20s,1,1,1,1,control,-1,1,1,-1,1,-1,1,1,1,1,-1,1,1,1,1,-1,68.75,6,-2,8,,,1,1,1,0,0,0,1,-1,-1,1,-1,1,1,-1,-1,-1,-1,-1,1,-1,0,2,1,4,5,3,3,3,4,2,2,4,3,2,4,56.25,12.94,no,yes,no
106,female,21,20s,1,1,0,0,treatment,-1,1,0,0,1,-1,0,0,1,-1,1,1,-1,-1,-1,1,50,0,2,-2,4,4,0,1,1,0,0,1,0,0,0,1,0,2,2,2,0,0,0,0,0,1,0,2,2,4,5,5,4,4,5,4,5,4,4,4,5,85.42,17.94,no,yes,no
107,female,23,20s,1,0,0,0,treatment,-1,1,1,-1,1,-1,-1,1,-1,1,-1,-1,1,1,1,-1,50,0,-8,8,4,5,0,0,1,0,0,0,0,0,1,1,0,0,1,1,0,0,0,0,0,0,0,2,2,4,4,5,5,4,5,4,5,4,4,4,5,85.42,19.65,no,yes,no
108,female,22,20s,1,1,0,0,treatment,1,-1,1,-1,-1,1,-1,1,-1,-1,1,-1,1,-1,-1,1,43.75,-2,0,-2,4,4,0,1,1,0,0,0,0,-1,1,1,0,2,1,1,0,0,0,0,1,0,1,2,2,5,5,5,3,3,3,3,3,4,3,3,3,64.58,14.21,yes,yes,no
109,male,21,20s,1,0,0,0,control,1,1,1,-1,-1,1,1,-1,1,-1,-1,-1,1,1,1,1,62.5,4,2,2,,,0,0,1,0,0,0,0,0,0,1,0,1,0,0,0,0,0,0,0,0,0,2,1,3,3,3,3,3,3,3,3,3,4,4,5,58.33,12.25,no,yes,no
110,female,22,20s,1,1,0,0,treatment,0,0,0,0,-1,1,1,-1,0,0,0,0,0,0,0,0,50,0,2,-2,3,3,0,1,1,0,0,0,0,0,0,1,0,2,0,0,0,0,0,0,0,0,0,2,1,3,4,4,4,5,5,4,4,4,4,1,3,68.75,15.13,no,yes,no
111,male,20,20s,1,1,0,0,control,-1,1,1,-1,-1,1,1,-1,1,1,-1,1,-1,-1,-1,-1,43.75,-2,0,-2,,,0,0,1,0,0,0,0,0,1,1,0,1,0,0,0,0,0,0,0,0,0,2,1,4,4,4,4,5,3,2,5,4,3,3,2,64.58,12.92,no,yes,no
112,female,21,20s,1,1,1,0,control,0,0,0,0,-1,-1,0,0,0,0,0,0,0,0,0,0,43.75,-2,-1,-1,,,0,1,0,0,0,0,0,-1,1,1,-1,-1,1,1,-1,1,0,0,-1,0,0,2,-1,4,4,5,4,4,4,3,3,4,3,1,1,58.33,12.25,no,yes,no
113,female,15,teens,1,1,0,0,control,1,1,-1,1,-1,-1,-1,-1,1,1,-1,-1,1,1,1,1,56.25,2,0,2,,,0,1,1,0,0,0,0,1,-1,-1,-1,2,1,1,-1,1,-1,-1,-1,2,1,2,1,2,2,1,2,2,3,3,3,3,3,3,3,37.5,5.63,yes,yes,no
114,male,16,teens,1,1,0,0,control,0,0,0,0,0,0,0,0,-1,1,0,1,-1,-1,1,-1,46.88,-1,-1,0,,,0,0,1,0,0,0,0,0,-1,-1,0,2,0,0,0,0,0,0,0,0,0,2,2,3,4,4,2,5,2,4,2,3,1,1,1,41.67,6.67,no,yes,no
115,female,18,teens,1,0,0,0,treatment,-1,1,-1,-1,1,-1,1,1,1,-1,-1,1,1,1,1,1,62.5,4,0,4,5,5,0,1,1,0,0,0,0,0,2,2,0,2,0,0,0,0,0,0,0,2,0,2,1,4,4,4,4,4,3,4,4,4,4,4,4,72.92,13.13,no,yes,no
116,male,19,teens,1,0,0,0,control,1,-1,-1,1,-1,-1,-1,1,1,-1,1,1,-1,-1,-1,1,43.75,-2,4,-6,,,0,0,1,0,0,0,0,2,2,2,2,2,2,2,2,2,2,2,2,2,2,2,2,5,5,5,5,5,5,5,5,5,5,5,5,100,19,yes,yes,no
117,female,19,teens,1,1,0,1,treatment,1,1,-1,0,1,1,1,-1,1,0,0,1,1,1,1,1,78.13,9,6,3,5,4,0,1,1,0,0,0,0,0,0,1,0,2,2,0,0,1,0,0,1,2,0,2,2,5,4,5,4,5,5,4,3,3,4,2,2,70.83,13.46,no,yes,no
118,female,20,20s,1,1,1,1,treatment,-1,1,0,-1,1,1,1,-1,1,-1,-1,0,1,0,-1,0,50,0,0,0,5,5,0,1,1,0,0,0,0,1,1,1,1,2,1,1,1,1,1,1,1,2,1,2,2,4,4,5,5,3,5,3,4,5,4,3,3,75,15,yes,yes,no
119,female,30,30s,1,1,1,1,control,-1,1,-1,0,1,1,1,-1,0,0,0,1,-1,-1,-1,1,50,0,3,-3,,,0,1,1,0,0,0,0,-1,1,1,-1,1,0,1,-1,-1,0,0,0,1,0,2,1,5,5,4,4,4,3,3,4,5,5,4,5,81.25,24.38,no,yes,no
120,female,17,teens,1,0,0,0,control,0,1,0,0,1,-1,-1,1,0,0,0,-1,-1,-1,1,-1,43.75,-2,-4,2,,,0,0,1,0,0,1,0,0,2,2,0,-1,2,2,0,0,0,1,0,2,0,2,2,2,2,2,2,2,2,1,2,2,2,2,2,22.92,3.9,no,yes,no
121,female,21,20s,1,1,1,0,control,1,1,-1,1,1,1,-1,1,1,-1,-1,1,1,1,-1,1,68.75,6,4,2,,,0,1,0,0,0,0,0,1,1,1,1,1,1,0,0,0,0,0,0,0,0,2,2,4,4,3,3,5,3,4,3,3,4,3,4,64.58,13.56,no,yes,no
122,female,29,20s,1,1,1,1,treatment,1,1,-1,1,1,1,1,-1,1,-1,1,1,-1,1,-1,1,68.75,6,8,-2,5,5,0,1,1,1,0,0,0,0,1,2,0,2,-1,-1,0,0,0,0,0,0,2,2,2,4,4,3,3,4,3,3,3,4,3,3,3,58.33,16.92,yes,yes,no
123,female,17,teens,1,0,0,0,treatment,1,1,-1,-1,-1,-1,1,1,-1,-1,-1,1,-1,1,-1,-1,37.5,-4,-2,-2,5,5,0,0,1,0,0,0,0,1,0,0,0,1,0,0,0,0,0,0,0,0,0,2,1,5,5,5,5,5,5,5,5,5,5,5,5,100,17,no,yes,no
124,female,18,teens,1,0,0,0,treatment,1,-1,-1,1,1,1,1,-1,1,-1,1,1,1,-1,-1,-1,56.25,2,6,-4,5,5,0,0,1,0,0,0,0,1,1,1,-1,1,1,1,-1,2,0,0,0,2,1,2,2,3,5,5,4,5,5,5,5,5,5,5,5,93.75,16.88,yes,yes,no
125,female,18,teens,1,0,0,0,treatment,-1,-1,1,1,1,1,-1,-1,-1,-1,1,1,1,-1,1,1,56.25,2,2,0,5,4,0,0,1,0,0,1,0,-1,-1,-1,0,2,1,-1,0,0,0,0,2,1,-1,2,2,4,5,4,4,5,3,4,4,5,4,3,3,75,13.5,no,yes,no
126,male,20,20s,1,1,0,0,control,-1,-1,0,0,1,1,1,1,1,1,-1,-1,1,1,1,-1,62.5,4,-1,5,,,0,0,1,0,0,0,0,0,1,1,0,1,0,0,0,0,0,0,0,0,0,1,1,4,2,3,4,3,4,3,3,3,3,3,3,54.17,10.83,no,yes,no
127,female,28,20s,1,1,1,1,treatment,-1,-1,-1,1,1,-1,1,-1,-1,-1,1,-1,1,-1,1,-1,37.5,-4,-2,-2,4,4,0,0,1,0,0,0,0,0,1,2,0,2,0,0,0,0,0,0,0,0,0,2,2,5,4,4,4,4,4,4,5,4,4,4,4,79.17,22.17,no,yes,no
128,female,21,20s,1,1,0,0,treatment,1,1,1,-1,1,1,1,0,1,0,-1,0,1,1,1,1,78.13,9,3,6,5,5,0,1,1,0,0,0,0,0,1,1,0,0,0,-1,0,0,0,0,0,0,0,2,1,3,5,4,3,3,3,3,3,5,4,2,3,60.42,12.69,no,yes,no
129,female,17,teens,1,0,0,0,control,-1,1,-1,0,-1,1,1,1,1,-1,1,-1,1,1,1,-1,59.38,3,1,2,,,0,1,1,0,0,0,0,0,-1,-1,0,2,0,1,0,-1,-1,-1,0,1,1,2,2,3,4,3,2,4,4,3,3,3,3,1,4,52.08,8.85,yes,yes,no
130,female,21,20s,1,1,0,0,control,0,-1,1,1,-1,-1,-1,0,1,1,-1,1,1,-1,0,-1,46.88,-1,-1,0,,,0,0,1,0,0,0,0,0,1,2,-1,2,0,0,0,0,0,0,0,0,0,2,1,3,4,5,1,4,2,2,3,4,2,2,1,43.75,9.19,no,yes,no
131,female,17,teens,1,0,0,0,treatment,1,-1,1,1,1,1,1,-1,1,0,0,1,1,1,-1,1,75,8,7,1,3,4,0,1,1,0,0,0,0,0,1,1,0,1,0,1,1,1,1,1,1,1,1,1,1,4,5,5,4,5,4,4,4,4,4,3,3,77.08,13.1,yes,yes,no
132,female,20,20s,1,1,0,0,treatment,-1,1,-1,1,1,1,1,-1,1,-1,1,-1,-1,1,-1,1,56.25,2,4,-2,5,4,0,0,1,0,0,0,0,0,1,2,0,1,-1,-1,0,0,0,0,-1,-1,1,2,2,3,4,4,3,2,3,2,3,4,3,2,2,47.92,9.58,yes,yes,no
133,female,20,20s,1,1,0,0,treatment,-1,1,-1,0,-1,-1,1,1,1,1,0,0,1,0,1,0,59.38,3,0,3,5,5,0,0,1,0,0,0,0,0,0,1,0,1,0,0,0,0,-1,0,-1,1,0,2,1,4,5,3,3,4,3,3,4,5,4,3,4,68.75,13.75,no,yes,no
134,male,21,20s,1,0,0,0,treatment,-1,1,0,0,1,-1,-1,0,1,0,0,0,0,0,0,0,50,0,-2,2,5,4,0,0,1,0,0,0,0,1,1,1,0,2,-1,-1,0,0,0,0,2,0,0,2,2,4,4,5,4,4,3,3,3,3,3,3,3,62.5,13.13,no,yes,no
135,female,21,20s,1,1,0,0,control,1,-1,1,-1,-1,-1,1,1,1,1,-1,-1,1,1,1,-1,56.25,2,-2,4,,,0,0,1,0,0,0,0,0,1,1,0,2,1,1,0,1,0,0,2,2,2,2,2,5,5,5,5,5,5,5,3,3,4,3,3,81.25,17.06,yes,yes,no
136,female,19,teens,0,1,0,0,treatment,-1,1,-1,1,0,-1,1,-1,1,-1,-1,-1,1,1,1,-1,46.88,-1,-2,1,5,5,0,1,1,0,0,0,0,0,-1,1,0,2,2,1,0,0,0,0,2,1,0,2,1,4,4,4,4,4,5,2,4,4,3,2,2,62.5,11.88,no,yes,no
137,female,21,20s,1,1,0,0,treatment,-1,-1,-1,1,1,1,-1,-1,1,1,1,0,0,0,0,0,53.13,1,2,-1,5,5,0,0,1,0,0,1,0,0,0,0,0,2,0,0,0,0,0,0,0,0,0,2,2,5,5,5,4,4,4,4,4,5,4,4,4,83.33,17.5,no,yes,no
138,female,21,20s,1,1,0,0,control,1,-1,1,-1,-1,1,-1,1,-1,1,-1,1,-1,0,0,0,46.88,-1,-1,0,,,0,0,1,0,0,0,0,0,1,1,0,2,0,-1,0,0,0,0,0,1,1,2,1,5,4,4,5,5,4,4,3,4,3,3,4,75,15.75,yes,yes,no
139,female,20,20s,1,1,0,0,treatment,1,1,0,0,-1,0,0,0,0,0,0,0,0,0,0,0,53.13,1,1,0,3,2,0,0,1,0,0,0,0,0,2,2,0,1,0,0,0,0,0,0,0,0,0,2,1,2,5,4,3,4,5,1,1,4,1,1,1,41.67,8.33,no,yes,no
140,female,20,20s,1,0,0,0,treatment,1,1,-1,1,-1,-1,1,-1,-1,-1,1,-1,-1,1,-1,1,43.75,-2,2,-4,4,4,0,0,1,0,0,0,0,-1,2,1,0,2,1,-1,-1,-1,-1,-1,-1,1,1,2,2,4,3,5,5,3,5,4,2,3,3,4,3,66.67,13.33,yes,yes,no
141,female,24,20s,1,0,0,0,treatment,-1,1,1,-1,-1,1,1,-1,1,1,0,0,1,0,1,0,62.5,4,1,3,5,5,0,1,1,0,0,0,0,0,1,2,0,2,0,0,0,0,0,0,0,0,0,2,1,3,2,2,4,4,2,2,1,4,2,2,3,39.58,9.5,no,yes,no
142,female,23,20s,0,1,0,0,control,1,1,1,-1,1,0,1,1,1,1,-1,0,1,1,0,1,78.13,9,2,7,,,0,0,1,0,0,0,0,-1,0,1,-1,2,1,0,-1,2,-1,-1,1,0,0,2,2,4,5,5,3,5,5,4,4,4,4,2,2,72.92,16.77,no,yes,no
143,female,21,20s,0,0,0,0,treatment,-1,1,-1,1,-1,1,1,1,1,-1,1,1,0,1,1,0,68.75,6,5,1,5,5,0,1,1,0,0,0,0,0,0,0,0,2,1,2,1,1,0,0,1,1,0,2,1,4,4,4,4,5,3,4,3,4,2,3,3,64.58,13.56,no,yes,no
144,female,20,20s,1,1,0,0,treatment,1,1,1,-1,1,-1,1,0,-1,1,-1,1,1,1,1,1,71.88,7,0,7,5,5,0,1,1,0,0,0,0,0,1,1,0,2,0,0,1,0,0,0,0,1,1,2,1,5,4,5,5,5,5,5,5,5,5,5,5,97.92,19.58,yes,yes,no
145,female,21,20s,1,0,1,0,treatment,1,1,-1,1,1,-1,1,0,1,-1,1,1,1,1,1,-1,71.88,7,4,3,4,4,0,0,1,0,0,0,0,0,1,2,0,2,0,0,0,0,0,1,0,0,0,2,1,3,5,4,3,5,4,4,4,4,3,2,2,64.58,13.56,no,yes,no
146,female,20,20s,1,1,0,0,control,1,1,-1,-1,-1,-1,-1,1,-1,1,1,-1,-1,1,-1,-1,37.5,-4,-4,0,,,0,0,1,0,0,0,0,0,1,1,0,2,0,0,0,0,0,0,0,0,0,2,2,5,3,5,4,3,5,5,5,5,3,3,3,77.08,15.42,no,yes,no
147,female,13,teens,1,1,0,0,treatment,-1,-1,1,-1,1,-1,-1,-1,1,1,-1,-1,1,1,-1,-1,37.5,-4,-6,2,4,3,0,0,1,0,0,0,0,0,2,2,0,0,0,0,0,0,0,0,0,0,0,2,2,5,5,5,4,3,5,2,5,5,5,5,5,87.5,11.38,no,yes,no
148,female,18,teens,1,1,0,0,control,1,0,1,0,1,0,1,0,1,0,-1,0,1,1,0,1,71.88,7,3,4,,,0,1,1,0,0,0,0,0,0,1,0,1,0,0,-1,0,0,0,0,1,-1,2,1,2,3,3,3,3,4,4,3,5,2,3,3,54.17,9.75,no,yes,no
149,female,22,20s,1,1,0,0,control,-1,1,1,0,-1,1,1,0,1,1,0,-1,0,1,0,0,62.5,4,1,3,,,0,0,1,0,0,0,0,0,1,2,0,1,0,0,0,0,0,0,0,0,0,2,2,3,3,3,4,3,5,2,1,2,1,1,2,37.5,8.25,no,yes,no
150,female,13,teens,1,1,0,1,treatment,-1,1,-1,1,1,-1,-1,-1,1,-1,-1,-1,-1,1,-1,-1,31.25,-6,-4,-2,5,5,0,0,1,0,0,0,0,0,0,1,0,0,0,0,0,0,0,0,0,0,0,2,2,5,5,5,2,3,4,3,5,3,3,4,3,68.75,8.94,no,yes,no
151,female,19,teens,1,0,0,0,control,-1,-1,-1,1,1,1,1,-1,1,-1,1,1,-1,-1,-1,1,50,0,6,-6,,,0,0,1,0,0,0,0,0,0,0,0,0,0,0,0,0,0,0,0,0,1,2,0,3,5,5,5,5,5,3,3,3,2,2,3,66.67,12.67,yes,yes,no
152,female,22,20s,1,1,1,0,treatment,1,1,1,1,0,-1,-1,-1,1,1,1,1,0,1,-1,1,68.75,6,4,2,3,4,0,1,1,0,0,1,0,0,0,0,0,2,0,0,0,0,0,0,0,0,0,2,1,4,4,4,3,3,3,3,4,3,4,3,3,60.42,13.29,no,yes,no
153,male,24,20s,1,0,1,1,control,1,1,1,1,1,1,1,-1,1,1,1,1,1,1,1,1,93.75,14,8,6,,,1,1,1,0,0,0,1,2,2,2,2,2,2,2,2,-1,2,2,2,-1,-1,2,2,5,5,5,5,5,5,5,5,5,5,5,5,100,24,no,yes,no
154,female,32,30s,1,1,1,1,treatment,1,-1,1,-1,1,-1,-1,1,1,1,-1,1,-1,-1,1,-1,50,0,-2,2,5,4,0,0,1,0,1,1,0,-1,0,1,0,1,-1,0,0,0,0,0,0,0,0,2,1,4,5,5,5,5,5,2,1,3,1,3,4,64.58,20.67,no,yes,no
155,female,21,20s,1,1,1,1,treatment,1,1,-1,-1,1,1,1,1,1,-1,-1,1,-1,1,1,-1,62.5,4,2,2,5,5,0,1,0,0,0,0,0,0,0,0,0,2,2,2,0,0,0,0,0,0,0,2,2,4,4,3,2,4,3,2,2,4,3,3,3,52.08,10.94,no,yes,no
156,female,29,20s,1,1,1,1,treatment,1,1,-1,-1,1,-1,-1,1,1,1,-1,1,1,1,1,-1,62.5,4,-2,6,5,5,0,1,1,0,1,0,0,0,1,2,0,-1,-1,-1,0,0,0,0,0,0,0,2,1,4,4,4,3,3,4,3,3,4,3,3,3,60.42,17.52,no,yes,no
157,female,19,teens,0,0,0,0,control,-1,1,1,-1,1,-1,1,1,1,0,1,1,0,1,1,-1,68.75,6,0,6,,,0,1,1,0,0,0,0,0,0,1,0,2,2,1,0,1,0,0,1,1,1,2,2,4,5,5,5,5,5,5,3,5,3,3,5,85.42,16.23,yes,yes,no
158,female,21,20s,1,1,0,1,control,-1,-1,-1,-1,1,-1,-1,1,-1,1,1,-1,-1,-1,-1,1,31.25,-6,-4,-2,,,0,1,1,0,0,0,0,0,-1,1,0,2,0,1,0,0,0,0,0,0,1,2,2,5,5,5,5,5,5,5,4,5,4,4,4,91.67,19.25,yes,yes,no
159,female,23,20s,1,1,0,0,treatment,-1,1,0,0,1,0,0,0,1,0,0,0,0,0,0,0,56.25,2,0,2,3,3,0,1,1,0,0,0,0,0,1,1,0,2,0,0,0,0,0,0,1,0,1,2,1,4,4,4,4,4,4,4,4,4,4,4,4,75,17.25,yes,yes,no
160,female,19,teens,1,1,0,0,control,1,-1,0,0,0,1,1,0,1,0,1,1,-1,0,-1,0,59.38,3,6,-3,,,0,1,1,0,0,0,0,0,0,0,0,1,1,0,0,0,0,0,0,0,0,2,1,3,3,3,2,3,3,3,3,4,3,2,2,45.83,8.71,no,yes,no
161,male,38,30s,1,0,0,0,treatment,1,1,1,1,1,1,1,1,1,-1,1,1,1,1,1,1,93.75,14,8,6,5,5,0,1,1,0,0,0,0,-1,-1,2,1,-1,-1,-1,-1,-1,-1,-1,-1,-1,-1,2,2,5,5,5,5,5,5,5,5,5,5,5,5,100,38,no,yes,no
162,female,21,20s,1,1,1,0,treatment,1,1,-1,1,1,1,1,-1,1,-1,1,1,-1,1,-1,1,68.75,6,8,-2,5,5,0,1,1,0,0,0,0,0,-1,1,0,2,2,-1,0,-1,0,0,-1,-1,2,2,1,5,5,5,4,5,4,3,4,5,4,4,4,83.33,17.5,yes,yes,no
163,male,32,30s,1,1,1,1,control,1,1,1,-1,1,1,1,1,1,1,1,1,1,1,0,1,90.63,13,6,7,,,0,1,1,0,1,0,0,1,-1,-1,0,2,1,-1,1,0,0,0,1,2,2,2,2,5,5,5,5,5,5,5,5,5,5,3,3,91.67,29.33,yes,yes,no
164,female,19,teens,1,1,0,0,control,1,1,1,1,1,0,1,1,1,0,1,0,1,0,-1,0,78.13,9,5,4,,,0,1,1,0,0,0,0,0,0,1,0,2,1,0,0,1,0,0,0,0,0,2,2,3,4,3,4,3,5,2,4,5,3,2,3,60.42,11.48,no,yes,no
165,male,31,30s,1,1,1,0,treatment,1,1,-1,1,1,1,1,1,1,-1,1,1,1,1,1,1,87.5,12,8,4,4,4,1,1,1,0,0,0,0,1,-1,-1,0,2,2,2,1,1,0,0,1,2,0,2,2,5,5,4,4,5,5,4,5,5,5,5,5,93.75,29.06,no,yes,no
166,male,35,30s,1,0,1,1,control,1,1,1,1,1,1,1,1,1,1,1,1,1,0,1,1,96.88,15,8,7,,,0,1,1,0,0,0,0,0,0,0,2,0,0,0,1,0,1,2,0,0,0,2,1,5,4,4,5,5,4,4,5,5,5,4,5,89.58,31.35,no,yes,no
167,male,37,30s,1,0,1,1,control,1,1,1,1,1,1,1,1,1,1,1,1,1,1,1,1,100,16,8,8,,,0,1,1,0,0,0,0,1,0,1,0,0,1,0,0,0,0,0,0,0,0,2,2,2,2,2,2,2,2,2,2,4,3,2,3,33.33,12.33,no,yes,no
168,male,26,20s,0,0,1,1,treatment,1,1,1,-1,1,1,1,1,1,-1,1,1,1,1,1,1,87.5,12,6,6,5,1,0,1,1,0,0,0,0,1,-1,-1,0,2,0,1,1,1,0,0,0,1,0,2,2,4,4,3,4,5,5,3,3,5,4,4,4,75,19.5,no,yes,no
169,male,23,20s,0,1,1,1,treatment,-1,1,-1,0,1,1,1,1,1,-1,1,1,1,-1,1,1,71.88,7,5,2,5,4,0,1,1,1,0,0,0,-1,1,1,-1,2,0,-1,1,0,0,0,1,2,-1,2,2,5,5,5,4,5,3,4,4,5,4,4,5,85.42,19.65,no,yes,no
170,male,24,20s,1,1,1,1,treatment,-1,1,1,-1,1,-1,-1,1,1,1,-1,-1,1,1,1,-1,56.25,2,-6,8,5,5,0,1,1,0,0,0,0,0,2,2,0,2,1,1,1,1,1,0,1,0,0,2,2,5,5,5,5,5,5,5,5,5,5,5,5,100,24,no,yes,no
171,male,24,20s,1,1,1,1,treatment,-1,1,1,-1,1,-1,-1,1,1,1,-1,-1,1,1,1,-1,56.25,2,-6,8,5,5,0,1,1,0,0,0,0,0,2,2,0,2,1,1,1,1,1,0,1,0,0,2,2,5,5,5,5,5,5,5,5,5,5,5,5,100,24,no,yes,no
172,male,24,20s,0,0,1,0,control,-1,1,0,1,-1,1,1,-1,1,1,1,0,1,1,1,-1,68.75,6,3,3,,,0,0,1,0,0,0,0,0,1,2,1,2,1,0,2,0,0,1,0,2,0,2,2,5,5,5,4,5,4,4,4,5,4,4,4,85.42,20.5,no,yes,no
173,male,25,20s,0,1,1,1,control,1,1,0,0,1,1,1,0,1,1,1,1,1,0,1,0,84.38,11,6,5,,,0,1,1,0,0,0,0,-1,1,1,1,2,2,1,1,0,0,0,2,2,0,2,2,5,5,4,4,5,3,5,4,5,5,4,4,85.42,21.35,no,yes,no
174,female,35,30s,1,1,1,1,control,1,0,-1,1,1,0,1,1,1,1,1,1,0,0,1,0,78.13,9,6,3,,,0,1,1,0,0,0,0,0,0,1,0,1,1,0,0,0,0,0,0,0,0,2,2,4,3,4,5,4,5,5,3,5,4,4,3,77.08,26.98,no,yes,no
175,male,22,20s,1,1,0,0,control,0,1,1,-1,1,1,1,1,1,1,1,1,1,1,1,-1,84.38,11,3,8,,,0,1,1,0,0,0,0,1,-1,-1,2,2,1,1,1,-1,-1,1,2,2,-1,2,2,4,4,4,4,4,4,4,4,4,4,5,4,77.08,16.96,no,yes,no
176,male,30,30s,1,0,1,1,treatment,1,1,1,1,1,1,1,1,1,1,1,1,1,1,1,1,100,16,8,8,5,2,0,1,1,0,0,0,0,0,2,2,0,2,2,1,1,1,1,0,1,1,0,2,2,4,5,4,4,4,3,4,4,4,4,4,5,77.08,23.13,no,yes,no
177,male,31,30s,1,1,1,1,treatment,1,1,-1,1,1,1,1,1,1,1,1,1,1,1,1,1,93.75,14,8,6,5,1,0,1,1,1,0,0,0,0,1,2,1,1,-1,-1,1,1,-1,0,-1,1,-1,2,2,5,5,4,5,5,5,5,5,5,4,5,5,95.83,29.71,no,yes,no
178,female,22,20s,0,0,0,0,control,1,1,-1,-1,-1,-1,1,1,1,1,-1,1,1,1,1,-1,62.5,4,0,4,,,0,0,1,0,0,0,0,-1,1,1,1,1,1,-1,1,-1,-1,-1,1,-1,1,2,2,5,4,5,5,5,5,5,4,5,4,5,5,93.75,20.63,yes,yes,no
179,male,27,20s,1,1,0,1,control,-1,1,1,1,1,1,1,1,1,1,1,1,1,1,1,1,93.75,14,6,8,,,0,1,1,0,0,0,0,1,-1,-1,0,2,2,2,-1,0,0,0,2,2,0,2,2,4,4,4,4,5,5,4,4,4,4,5,3,79.17,21.38,no,yes,no
180,male,35,30s,1,0,1,1,treatment,1,1,-1,1,1,1,1,1,1,-1,1,1,1,1,1,1,87.5,12,8,4,4,2,1,1,1,0,0,1,0,0,-1,1,0,1,1,-1,1,-1,1,0,0,1,0,2,2,4,4,4,4,5,5,5,5,5,4,4,4,85.42,29.9,no,yes,no
181,male,32,30s,1,1,1,1,treatment,-1,1,1,1,1,1,1,1,1,1,1,1,1,1,1,1,93.75,14,6,8,4,2,0,1,1,0,1,1,0,0,1,2,0,2,-1,-1,-1,0,0,0,1,1,0,2,2,5,5,5,4,4,4,5,5,5,4,5,4,89.58,28.67,no,yes,no
182,female,36,30s,1,0,1,1,control,-1,1,-1,0,1,1,1,0,1,-1,1,1,1,1,1,1,75,8,5,3,,,1,1,1,0,0,0,0,0,1,2,0,1,1,0,0,0,0,0,0,0,0,2,2,4,4,4,4,4,4,2,4,5,4,3,4,70.83,25.5,no,yes,no
183,female,35,30s,1,1,1,1,control,-1,-1,1,1,1,-1,-1,-1,-1,-1,1,-1,-1,1,-1,1,37.5,-4,-2,-2,,,0,0,1,0,0,0,0,0,1,2,0,2,0,0,0,0,0,0,0,1,0,2,2,5,5,5,5,5,4,5,5,5,5,4,2,89.58,31.35,no,yes,no
184,male,23,20s,1,0,1,0,control,1,1,0,0,1,1,1,0,1,1,1,1,1,0,1,0,84.38,11,6,5,,,1,1,1,0,0,0,0,0,1,1,0,2,2,1,1,0,0,0,2,1,0,2,2,4,5,4,3,4,4,3,3,4,4,4,4,70.83,16.29,no,yes,no
185,female,21,20s,1,1,0,0,control,-1,1,1,0,1,-1,-1,0,1,0,0,0,1,1,0,-1,56.25,2,-3,5,,,0,0,1,0,0,0,0,0,-1,2,-1,-1,0,0,0,0,0,0,0,0,-1,2,2,4,3,4,3,4,2,2,3,5,3,2,2,52.08,10.94,no,yes,no
186,female,20,20s,1,1,0,1,treatment,1,-1,-1,0,-1,1,1,0,1,0,0,-1,-1,0,0,0,46.88,-1,3,-4,3,3,0,0,1,0,0,1,0,0,0,2,0,1,0,0,0,0,0,0,0,0,1,2,1,3,4,4,2,5,2,1,2,2,3,2,2,41.67,8.33,yes,yes,no
187,male,39,30s,1,1,1,1,treatment,1,1,1,1,1,1,1,1,1,1,1,1,1,1,1,1,100,16,8,8,5,3,0,1,1,0,1,1,0,-1,-1,1,1,1,1,-1,1,-1,-1,-1,1,2,-1,2,1,5,5,4,4,5,5,5,5,5,5,5,5,95.83,37.38,no,yes,no
188,male,27,20s,1,1,1,1,control,-1,1,-1,-1,1,1,1,0,1,-1,1,1,0,0,0,-1,56.25,2,2,0,,,0,1,1,0,0,0,0,0,2,2,0,1,0,0,0,0,0,0,0,0,0,2,1,5,5,5,3,3,3,5,5,5,5,4,4,83.33,22.5,no,yes,no
189,female,19,teens,1,1,0,0,treatment,1,-1,-1,-1,1,1,-1,0,0,1,1,0,-1,-1,1,-1,46.88,-1,0,-1,5,4,0,0,1,0,0,0,0,-1,2,2,-1,-1,-1,-1,-1,-1,0,-1,-1,-1,-1,2,2,5,3,5,2,5,4,5,5,5,4,5,1,77.08,14.65,no,yes,no
190,female,19,teens,1,1,0,0,treatment,1,1,0,-1,-1,-1,-1,-1,-1,-1,-1,-1,1,-1,-1,1,28.13,-7,-4,-3,5,5,0,0,1,0,0,0,0,0,0,1,0,0,0,0,0,0,0,0,0,0,0,2,0,5,5,5,5,5,5,5,5,5,5,5,5,100,19,no,yes,no
191,male,22,20s,0,0,1,0,control,1,1,-1,1,1,1,1,1,1,-1,1,1,1,1,1,-1,81.25,10,6,4,,,0,1,1,0,0,0,0,1,-1,1,-1,2,0,1,-1,0,-1,-1,0,1,-1,2,2,4,4,4,4,5,5,3,4,4,3,3,4,72.92,16.04,no,yes,no
192,female,35,30s,1,0,1,1,treatment,1,1,-1,1,1,0,1,1,1,1,1,1,1,1,1,1,90.63,13,7,6,5,4,0,1,1,0,0,0,0,0,0,1,0,2,-1,-1,0,-1,0,0,1,1,0,2,1,4,3,2,2,5,4,2,4,4,3,3,4,58.33,20.42,no,yes,no
193,male,35,30s,1,0,1,1,treatment,1,1,1,0,1,1,1,1,1,0,1,1,1,1,1,0,90.63,13,6,7,5,3,0,1,1,0,0,1,0,0,0,1,0,1,1,0,1,0,0,0,0,2,0,2,2,4,4,4,5,5,1,5,4,5,5,5,4,81.25,28.44,no,yes,no
194,male,36,30s,1,1,1,1,control,1,1,1,-1,1,1,1,0,1,1,1,1,1,1,1,0,87.5,12,5,7,,,1,1,1,0,0,0,0,0,0,1,0,1,0,0,1,0,0,0,0,1,0,1,0,4,5,5,5,5,5,5,5,5,5,4,3,91.67,33,no,yes,no
195,female,35,30s,1,1,1,1,control,0,1,0,0,1,0,0,0,1,0,0,1,0,1,0,0,65.63,5,2,3,,,0,0,1,0,0,0,0,0,1,2,0,2,0,0,0,1,0,0,0,1,0,2,2,3,3,4,3,4,4,3,3,5,3,2,2,56.25,19.69,no,yes,no
196,female,34,30s,1,1,0,0,control,-1,1,-1,-1,1,-1,1,1,1,1,-1,1,1,1,1,-1,62.5,4,-2,6,,,0,1,1,0,0,0,1,0,2,2,0,2,1,-1,1,0,0,0,0,2,0,2,2,3,2,1,4,4,3,2,3,5,3,3,3,50,17,no,yes,no
197,female,21,20s,1,1,0,0,treatment,-1,-1,-1,1,1,1,-1,-1,1,1,1,0,0,0,0,0,53.13,1,2,-1,5,5,0,0,1,0,0,1,0,0,0,0,0,2,0,0,0,0,0,0,0,0,0,2,2,5,5,5,4,4,4,4,4,5,4,4,4,83.33,17.5,no,yes,no
198,male,26,20s,1,1,1,1,treatment,1,1,-1,1,1,1,1,1,1,-1,1,1,-1,1,1,1,81.25,10,8,2,4,5,1,1,1,0,0,0,0,0,0,2,0,0,0,0,0,0,0,0,0,0,0,2,2,5,5,4,3,3,2,2,2,2,2,4,3,52.08,13.54,no,yes,no
199,male,24,20s,1,1,0,1,treatment,1,1,-1,-1,1,1,1,1,1,-1,1,1,-1,1,1,-1,68.75,6,4,2,5,5,0,1,1,0,0,0,0,0,2,2,-1,2,-1,-1,-1,-1,-1,-1,-1,-1,-1,2,2,3,5,4,4,4,2,2,3,3,4,3,3,58.33,14,no,yes,no
200,female,20,20s,1,1,0,0,treatment,1,1,1,-1,1,1,1,1,1,1,1,-1,1,1,1,1,87.5,12,4,8,5,5,0,1,1,0,0,0,0,0,1,1,0,1,0,0,0,0,0,0,0,2,0,2,2,4,4,4,3,4,3,3,3,5,3,3,3,62.5,12.5,no,yes,no
201,female,19,teens,1,1,0,0,control,-1,1,0,0,1,1,1,0,1,-1,0,1,0,1,1,-1,65.63,5,2,3,,,0,1,1,0,0,0,0,0,1,1,0,2,0,1,-1,-1,0,0,0,0,0,2,2,5,5,5,4,4,5,4,4,5,4,4,4,85.42,16.23,no,yes,no
202,female,21,20s,1,1,1,1,control,1,-1,-1,-1,1,-1,1,-1,1,-1,1,1,-1,-1,1,1,50,0,4,-4,,,0,0,1,0,0,0,0,0,0,0,0,2,0,0,0,0,0,0,0,0,0,2,0,4,4,5,4,4,4,4,5,4,5,4,4,81.25,17.06,no,yes,no
203,female,22,20s,1,1,0,0,treatment,-1,1,-1,-1,1,1,1,-1,-1,1,-1,1,1,-1,1,1,56.25,2,0,2,1,1,0,0,1,0,0,0,0,0,0,1,0,0,0,0,0,0,0,0,0,1,1,2,1,3,4,1,4,3,2,2,2,4,4,3,4,50,11,yes,yes,no
204,female,21,20s,1,1,0,0,control,-1,-1,0,0,-1,-1,1,0,1,0,1,1,1,0,-1,-1,46.88,-1,1,-2,,,0,0,1,0,0,0,0,0,2,2,0,2,0,0,0,0,0,0,0,0,2,2,2,1,2,2,1,3,1,2,1,1,1,1,1,10.42,2.19,yes,yes,no
205,male,20,20s,1,1,0,1,treatment,1,1,-1,0,-1,1,1,1,1,-1,1,1,1,1,1,1,78.13,9,7,2,4,4,0,0,1,0,1,0,0,0,1,1,0,2,0,0,0,0,0,0,1,1,0,2,2,5,5,5,4,4,4,4,4,5,4,4,4,83.33,16.67,no,yes,yes
206,female,21,20s,1,1,0,0,control,-1,1,1,0,-1,1,1,0,1,-1,1,1,-1,-1,0,0,56.25,2,4,-2,,,0,0,1,0,0,0,0,0,1,2,0,2,0,0,0,0,0,0,0,0,1,2,2,4,3,3,2,3,2,5,3,3,3,2,4,52.08,10.94,yes,yes,yes
207,male,20,20s,1,1,0,0,treatment,1,1,-1,-1,1,1,1,1,1,-1,1,1,0,1,1,-1,71.88,7,4,3,5,5,0,0,1,0,0,0,0,0,0,1,0,1,0,0,0,0,0,0,0,1,0,2,0,5,3,3,4,4,4,2,3,3,4,5,4,66.67,13.33,no,yes,yes
208,female,18,teens,1,1,0,0,treatment,1,1,1,-1,1,1,-1,1,1,1,0,-1,0,1,1,1,75,8,1,7,5,5,0,0,1,0,0,0,0,0,2,2,1,2,1,1,1,1,1,1,1,2,1,2,2,4,5,5,5,4,4,4,3,3,3,3,4,72.92,13.13,yes,yes,yes
209,male,24,20s,1,1,0,0,control,-1,1,1,-1,1,-1,-1,1,-1,1,-1,-1,1,1,1,-1,50,0,-8,8,,,0,0,1,0,0,0,0,2,2,2,2,2,2,2,2,2,2,2,2,2,2,2,2,1,2,1,2,2,2,2,2,2,3,2,3,25,6,yes,yes,yes
210,female,22,20s,1,1,1,1,control,-1,1,-1,0,1,0,1,0,1,0,-1,0,1,0,0,-1,53.13,1,-1,2,,,0,1,1,0,0,0,0,0,1,2,0,2,-1,-1,0,0,0,0,0,1,1,2,2,4,4,4,3,3,3,3,2,4,3,2,3,54.17,11.92,yes,yes,yes
211,female,21,20s,1,1,0,0,control,1,-1,1,-1,1,1,1,1,1,0,1,1,1,1,1,1,84.38,11,6,5,,,0,0,1,0,0,0,0,-1,-1,1,-1,2,2,-1,-1,-1,-1,-1,0,-1,0,2,1,3,4,4,4,4,4,4,3,4,3,4,3,66.67,14,no,yes,yes
212,female,19,teens,1,1,0,0,treatment,1,-1,-1,0,1,-1,-1,1,1,-1,1,1,1,1,1,-1,59.38,3,1,2,5,5,0,0,1,0,0,0,0,0,1,1,0,1,0,0,0,0,0,0,0,0,1,2,1,4,5,5,5,5,5,3,5,5,4,3,5,87.5,16.63,yes,yes,yes
213,male,21,20s,1,1,0,0,control,-1,1,1,-1,1,-1,1,1,1,1,-1,-1,1,1,1,-1,62.5,4,-4,8,,,0,0,1,0,0,0,0,-1,2,2,0,2,2,-1,0,0,0,0,-1,0,0,2,2,4,4,3,3,4,1,2,2,2,2,2,4,43.75,9.19,no,yes,yes
214,male,35,30s,1,1,1,1,treatment,1,1,1,0,1,1,1,1,1,1,1,1,1,1,1,1,96.88,15,7,8,5,2,0,1,1,0,0,0,0,0,1,1,1,1,1,-1,0,0,0,0,0,1,0,2,2,4,4,4,4,4,4,5,5,5,5,5,5,87.5,30.63,no,yes,yes
215,female,23,20s,1,1,1,1,control,-1,1,-1,0,1,0,1,1,1,-1,0,-1,1,1,1,-1,59.38,3,-1,4,,,0,1,1,0,0,0,0,-1,-1,-1,-1,1,2,1,1,0,0,0,2,0,0,2,2,3,4,4,2,3,2,2,4,5,4,3,3,56.25,12.94,no,yes,yes
216,female,20,20s,1,0,0,0,treatment,1,-1,1,1,0,0,1,1,-1,1,0,0,0,0,0,0,62.5,4,2,2,3,3,0,0,1,0,0,0,0,0,1,1,0,1,0,0,0,0,0,0,0,0,0,2,1,5,5,4,4,3,4,3,3,3,3,3,3,64.58,12.92,no,yes,yes
217,female,21,20s,1,1,0,0,treatment,-1,1,0,0,1,1,1,1,1,0,0,1,1,0,1,-1,71.88,7,2,5,5,4,0,1,1,0,0,0,0,0,0,1,0,2,1,1,0,1,0,0,1,0,1,2,2,3,4,3,3,3,3,3,2,5,2,3,3,52.08,10.94,yes,yes,yes
218,male,21,20s,0,1,0,0,control,1,1,1,-1,1,-1,1,1,1,1,1,1,0,1,1,0,81.25,10,3,7,,,0,1,1,0,0,0,1,1,0,0,1,2,0,2,1,1,0,0,1,2,0,2,2,4,4,4,3,4,4,2,5,5,4,1,1,60.42,12.69,no,yes,yes
219,male,21,20s,1,1,0,0,control,1,1,1,0,1,0,1,1,1,1,-1,1,-1,1,1,0,78.13,9,3,6,,,0,1,1,1,0,0,0,0,-1,1,-1,2,2,1,1,0,0,0,2,-1,0,2,2,5,5,4,4,4,3,5,5,5,4,5,4,85.42,17.94,no,yes,yes
220,female,21,20s,1,1,0,0,control,-1,1,1,1,1,1,1,-1,1,1,-1,-1,-1,1,1,-1,62.5,4,0,4,,,0,0,1,0,0,0,0,0,0,1,0,1,-1,0,-1,0,0,0,0,0,0,2,1,4,4,4,4,4,4,4,3,4,4,4,4,72.92,15.31,no,yes,yes
221,female,19,teens,1,1,0,0,treatment,1,1,1,0,1,1,-1,0,1,1,1,-1,1,1,1,-1,75,8,1,7,5,5,0,1,1,0,0,1,0,1,1,1,0,2,2,0,0,1,0,0,2,1,2,2,2,4,4,2,2,2,4,3,2,2,3,3,3,45.83,8.71,yes,yes,yes
222,male,19,teens,1,1,0,0,control,-1,1,1,-1,-1,1,1,-1,0,0,0,0,-1,-1,-1,1,43.75,-2,1,-3,,,0,0,1,0,0,0,0,-1,2,2,-1,1,1,-1,-1,2,-1,-1,2,-1,-1,2,2,5,4,5,5,5,3,4,4,5,4,4,4,83.33,15.83,no,yes,yes
223,female,20,20s,1,1,0,0,control,-1,1,1,-1,-1,-1,1,1,1,1,-1,-1,1,1,-1,-1,50,0,-4,4,,,0,1,0,1,0,1,0,0,2,2,0,2,0,0,0,0,0,0,0,1,1,2,2,4,5,5,4,4,4,4,3,4,3,3,4,72.92,14.58,yes,yes,yes
224,male,37,30s,1,1,1,1,treatment,1,1,1,-1,1,1,-1,1,1,1,1,-1,1,-1,1,-1,68.75,6,0,6,5,3,1,1,1,0,0,0,0,1,1,2,0,1,0,1,0,1,0,0,0,1,0,2,2,4,5,3,4,4,4,4,4,4,4,4,4,75,27.75,no,yes,yes
225,female,21,20s,1,1,1,0,control,0,-1,0,0,0,0,-1,0,-1,0,0,1,0,0,0,0,43.75,-2,-1,-1,,,0,1,1,0,0,0,0,0,1,1,0,2,0,1,0,0,0,0,0,0,2,2,2,5,5,5,5,5,5,5,5,5,5,5,5,100,21,yes,yes,yes
226,female,25,20s,1,1,1,1,treatment,1,1,1,1,1,1,1,1,1,1,-1,-1,0,1,-1,0,75,8,3,5,5,4,0,0,1,0,0,0,0,0,2,1,0,1,-1,-1,0,0,0,0,0,1,1,2,1,4,3,4,3,3,5,5,1,3,1,1,1,45.83,11.46,yes,yes,yes
227,female,21,20s,1,1,0,1,control,-1,1,-1,0,1,-1,1,1,1,1,0,-1,1,1,0,0,62.5,4,-1,5,,,0,0,1,0,0,0,0,0,1,1,0,1,0,0,0,0,0,0,0,0,1,2,2,4,4,5,3,5,4,3,3,4,4,3,3,68.75,14.44,yes,yes,yes
228,male,19,teens,1,1,0,0,treatment,1,1,1,1,1,1,1,1,1,1,1,1,1,1,1,1,100,16,8,8,5,5,1,1,1,1,1,1,1,2,2,2,2,2,2,2,2,2,2,2,2,2,2,2,2,5,5,5,5,5,5,5,5,5,5,5,5,100,19,yes,yes,yes
229,female,22,20s,1,1,0,1,control,1,-1,1,0,1,-1,1,1,1,1,-1,-1,-1,-1,1,0,56.25,2,0,2,,,0,0,1,0,0,0,0,0,1,1,0,0,0,0,0,0,0,0,0,0,0,2,0,4,4,4,2,3,3,4,4,4,3,2,4,60.42,13.29,no,yes,yes
230,female,18,teens,0,1,0,0,control,-1,-1,1,-1,1,-1,1,1,1,1,-1,-1,1,1,1,-1,56.25,2,-4,6,,,0,0,1,0,0,0,0,-1,0,0,0,2,-1,0,0,0,0,0,0,0,0,2,2,5,5,5,5,5,5,5,5,5,5,5,5,100,18,no,yes,yes
231,male,22,20s,0,1,0,1,treatment,-1,0,1,-1,0,1,0,1,1,1,0,-1,1,-1,1,0,59.38,3,-1,4,5,5,0,1,1,0,0,0,0,0,1,1,0,1,0,1,0,0,0,0,0,1,1,2,1,5,5,5,5,5,5,5,5,5,4,4,5,95.83,21.08,yes,yes,yes
232,female,18,teens,0,1,0,0,control,-1,1,1,-1,1,1,-1,-1,1,-1,1,1,-1,1,1,-1,56.25,2,0,2,,,0,1,1,0,0,0,0,0,0,0,0,2,2,2,0,1,0,0,2,2,2,2,2,5,5,5,5,5,5,4,4,4,3,3,3,81.25,14.63,yes,yes,yes
233,female,17,teens,1,1,0,0,treatment,-1,1,1,-1,1,-1,1,1,1,0,0,-1,0,1,1,0,62.5,4,-2,6,5,5,0,1,1,1,0,0,0,2,2,2,0,2,2,2,2,0,0,0,1,1,2,2,2,5,4,3,5,4,3,4,3,5,4,3,3,70.83,12.04,yes,yes,yes
234,female,22,20s,1,1,1,1,control,-1,1,0,0,-1,0,1,0,1,-1,0,0,0,0,0,0,50,0,1,-1,,,0,1,1,0,0,0,0,0,0,1,0,2,0,-1,-1,0,0,0,0,0,0,2,2,3,2,3,2,4,3,2,1,4,3,2,3,41.67,9.17,no,yes,yes
235,female,24,20s,1,1,1,1,control,-1,1,1,-1,-1,1,1,-1,1,-1,-1,-1,1,1,1,-1,50,0,-2,2,,,0,0,1,0,0,0,0,0,1,1,0,1,-1,-1,-1,-1,-1,-1,-1,-1,0,2,2,4,4,3,4,4,4,3,5,4,4,3,3,68.75,16.5,no,yes,yes
236,male,22,20s,1,0,0,0,control,1,1,-1,-1,-1,-1,1,-1,1,-1,1,1,-1,-1,-1,-1,37.5,-4,2,-6,,,0,0,0,0,1,0,0,-1,-1,-1,-1,2,1,2,1,-1,-1,-1,1,1,-1,2,1,3,4,3,4,3,3,3,3,4,3,3,3,56.25,12.38,no,yes,yes
237,male,23,20s,1,1,0,0,control,1,-1,1,-1,-1,-1,-1,1,1,1,1,1,-1,1,-1,1,56.25,2,2,0,,,0,0,1,0,0,0,0,0,1,1,0,1,1,1,0,0,0,0,0,0,0,2,2,5,5,5,5,5,5,5,5,5,5,5,5,100,23,no,yes,yes
238,male,21,20s,0,0,1,0,treatment,1,1,1,-1,-1,1,0,1,1,-1,1,0,-1,1,0,1,65.63,5,4,1,5,5,0,1,0,0,0,0,0,0,-1,1,0,2,1,2,2,0,0,0,-1,1,0,2,2,3,5,4,4,3,4,3,5,5,3,3,2,66.67,14,no,yes,yes
239,male,22,20s,1,0,0,0,treatment,1,1,-1,1,1,1,1,0,1,-1,1,1,0,-1,1,1,75,8,8,0,5,4,0,1,1,0,1,0,0,1,0,-1,0,2,1,1,1,0,0,0,1,1,1,2,1,4,4,4,4,5,4,4,4,4,4,4,4,77.08,16.96,yes,yes,yes
240,male,22,20s,0,0,0,1,treatment,1,1,0,0,1,1,1,1,1,1,-1,-1,1,1,1,-1,75,8,1,7,5,4,0,1,1,0,0,0,0,1,-1,-1,0,2,1,2,0,0,0,0,2,1,0,2,2,4,3,3,3,4,5,3,4,5,4,3,3,66.67,14.67,no,yes,yes
241,male,35,30s,1,1,1,1,treatment,-1,1,1,1,-1,1,1,1,1,-1,1,1,1,1,1,1,81.25,10,6,4,4,4,0,1,1,0,0,0,0,0,1,2,0,1,1,1,0,0,0,0,0,1,2,2,2,3,3,3,2,3,2,3,1,2,2,2,3,35.42,12.4,yes,yes,yes
242,female,19,teens,0,1,0,0,control,-1,1,0,-1,1,0,1,1,1,1,-1,-1,0,1,0,0,59.38,3,-2,5,,,0,1,1,0,0,0,0,0,0,1,1,2,0,2,1,0,0,0,2,2,0,2,2,3,3,3,3,3,4,3,3,4,3,4,4,58.33,11.08,no,yes,yes
243,male,27,20s,1,1,0,1,control,-1,1,-1,1,1,-1,1,1,1,0,1,0,1,1,1,-1,68.75,6,1,5,,,0,1,1,0,0,0,0,0,1,1,0,2,-1,0,0,0,-1,0,0,0,0,2,2,4,4,4,4,4,4,4,4,4,3,3,4,70.83,19.13,no,yes,yes
244,female,21,20s,1,1,0,0,treatment,-1,1,-1,1,1,-1,1,1,1,-1,1,1,-1,1,1,-1,62.5,4,2,2,5,5,0,0,1,0,0,0,0,0,2,2,0,2,0,0,0,0,0,0,0,0,0,2,2,4,5,3,3,4,3,3,3,3,3,3,3,58.33,12.25,no,yes,yes
245,female,21,20s,0,0,0,1,treatment,1,1,-1,0,1,1,1,0,1,-1,1,1,0,1,-1,0,68.75,6,6,0,5,4,0,1,1,0,0,0,0,0,1,1,0,1,1,2,1,0,0,0,0,1,0,2,2,5,4,5,4,4,5,5,4,4,4,4,5,85.42,17.94,no,yes,yes
246,female,20,20s,1,1,0,0,treatment,-1,1,-1,1,1,1,1,-1,1,-1,1,-1,-1,1,-1,1,56.25,2,4,-2,5,4,0,0,1,0,0,0,0,0,1,2,0,1,-1,-1,0,0,0,0,-1,-1,1,2,2,3,4,4,3,2,3,2,3,4,3,2,2,47.92,9.58,yes,yes,yes
247,female,21,20s,1,1,1,0,treatment,1,1,-1,1,1,1,1,-1,1,-1,1,1,-1,1,-1,1,68.75,6,8,-2,5,5,0,1,1,0,0,0,0,0,-1,1,0,2,2,-1,0,-1,0,0,-1,-1,2,2,1,5,5,5,4,5,4,3,4,5,4,4,4,83.33,17.5,yes,yes,yes
